Column1,Column2,Column3,Column4
0.011253630869478237,0.008531332840552618,0.004213104446229878,0.024999995380240163
0.0105002018136987,0.008394987684416027,0.0029279895832525103,0.025000000024552646
0.009845302713462584,0.008034269767358318,0.0028907786947302773,0.024999999805888524
0.0104095629246089,0.009033564864850203,0.0027485264450207423,0.024999999454592196
0.01090645007117172,0.008772435372620575,0.0010012995337758093,0.024999937372375203
